id,name,country,gender
1,Rosalinda Propper,China,Female
2,Lock Ronchetti,Poland,Male
3,Tamqrah Zanicchelli,Panama,Female
4,Domenic Correa,Sweden,Male
5,Mercie Sitlinton,China,Female
6,Renard Dealtry,Portugal,Male
7,Peyton Hallwell,Honduras,Male
8,Pepita Rawlence,Poland,Female
9,Philomena Bartoli,Tajikistan,Female
10,Irv Caudle,Nepal,Male
11,Mayor McCahill,Portugal,Male
12,Carlye Gauld,Sri Lanka,Female
13,Brant Sowersby,Greece,Male
14,Gav Parradine,Philippines,Male
15,Bibbie Ellin,Philippines,Female
16,Langston Roxbrough,Ukraine,Male
17,Isidoro Traylen,Indonesia,Male
18,Cicely MattiCCI,Norway,Female
19,Willi Quinton,Panama,Male
20,Susi Huddles,Indonesia,Female
21,Nonie Hellyer,Russia,Female
22,Wendall Sharp,China,Male
23,Editha Theis,China,Female
24,Alleyn Trevethan,China,Male
25,Arnoldo Lindenstrauss,Portugal,Male
26,Sheena Bricknell,Indonesia,Female
27,Jaquelyn Pesticcio,Venezuela,Female
28,Augustus Burgett,France,Male
29,Lacy Sanford,Indonesia,Female
30,Lotti Drakard,Canada,Female
31,Zachariah Bremner,Canada,Male
32,Zacharias MacKibbon,China,Male
33,Montague Whiley,Thailand,Male
34,Esme Ethelston,Sweden,Female
35,Annabela Tritton,Macedonia,Female
36,Gerri Benson,Sweden,Male
37,Laurens McAndrew,Czech Republic,Male
38,Orelia Authers,Jordan,Female
39,Anne d' Eye,Indonesia,Female
40,Iorgos Krol,Poland,Male
41,Waylin Dyball,Sweden,Male
42,Evered Toun,China,Male
43,Othelia Bethel,Turkmenistan,Female
44,Nicolas Malpas,Swaziland,Male
45,Celestyna Cesaric,Morocco,Female
46,Lucias Crolly,Indonesia,Male
47,Maggi Annable,China,Female
48,Corinna Rate,Brazil,Female
49,Carena Hearnaman,Philippines,Female
50,Fredra Gavaghan,Portugal,Female
51,Artur Ingarfield,Poland,Male
52,Giacomo Reichelt,Indonesia,Male
53,Merry Ramsdale,Portugal,Female
54,Em McTeague,Russia,Female
55,Myrvyn Leer,Mexico,Male
56,Maggy Kuhn,Vietnam,Female
57,Breena Oldfield,Philippines,Female
58,Vivienne Helin,Syria,Female
59,Sibyl Quinnell,Mongolia,Male
60,Thurstan Gerrens,China,Male
61,Libbie Beardall,Indonesia,Female
62,Friedrick Metzke,China,Male
63,Rainer Piecha,Armenia,Male
64,Fletcher Siss,Ghana,Male
65,Michelina Kahane,Ukraine,Female
66,Chelsea Bovaird,Netherlands,Female
67,Marve Siggee,Sweden,Male
68,Meara Lockie,Portugal,Female
69,Reese Viel,Indonesia,Male
70,Barri Lorrimer,Poland,Male
71,Hendrick Calvert,China,Male
72,Shannon Real,Indonesia,Female
73,Jeffie Grandison,Ireland,Male
74,Whitney MacIlriach,Indonesia,Male
75,Gregorius Chell,Japan,Male
76,Tobye Semarke,Indonesia,Female
77,Sylvia Vaud,Russia,Female
78,Adan Ciabatteri,China,Male
79,Madonna Bedwell,Albania,Female
80,Kimmy Parry,Macedonia,Female
81,Deerdre Pope,Philippines,Female
82,Maddy Hunsworth,Thailand,Male
83,Nye Presswell,France,Male
84,Paula Skupinski,Brazil,Female
85,Rowan Letty,Tajikistan,Male
86,Somerset Cotgrave,Russia,Male
87,Shandeigh Brunotti,Vietnam,Female
88,Coletta Kerfod,Sweden,Female
89,Ruttger Shippey,China,Male
90,Sansone Feragh,Ethiopia,Male
91,Melamie Grishakin,Panama,Female
92,Wade Catlow,Canada,Male
93,Edvard Andor,Colombia,Male
94,Berri Veazey,China,Female
95,Clayson Kilford,China,Male
96,Carly Barnish,China,Male
97,Salvatore Chastey,Russia,Male
98,Giulietta Bagshaw,South Africa,Female
99,Asher Mathissen,Russia,Male
100,Enoch Castillon,Brazil,Male
101,Milo Brody,Indonesia,Male
102,Verine Kuban,Portugal,Female
103,Bondie Brigham,Jordan,Male
104,Bridie Potte,Indonesia,Female
105,Collie Tomkiss,China,Female
106,Catharina Franses,Indonesia,Female
107,Daisi Baxstar,Germany,Female
108,Phillie Vinecombe,Russia,Female
109,Andrea Rudland,United States,Female
110,Basilio Joskowicz,Brazil,Male
111,Patricia Berceros,Ukraine,Female
112,Ainsley Pimbley,Mali,Female
113,Terrel Sandlin,Russia,Male
114,Mattie Vynall,China,Female
115,Krista Struther,Honduras,Female
116,Angelle Kimbrey,Indonesia,Female
117,Wendall Livingston,Saudi Arabia,Male
118,Burr McGilleghole,China,Male
119,Stanfield Corson,Poland,Male
120,Wilfrid Stonhewer,China,Male
121,Ardeen Graal,Serbia,Female
122,Estelle Castellanos,China,Female
123,Lucky Moiser,Saint Kitts and Nevis,Female
124,Gwennie Ioselevich,Palestinian Territory,Female
125,Halsey Emberson,Brazil,Male
126,Evin Atkirk,Indonesia,Male
127,Ev Umbers,Venezuela,Male
128,Row Matthesius,Indonesia,Female
129,Eileen Powner,China,Female
130,Helaina Meneo,Russia,Female
131,Locke Bettridge,Portugal,Male
132,Mariska Foley,Saudi Arabia,Female
133,Meg Russam,Indonesia,Female
134,Kip Collister,Macedonia,Male
135,Bathsheba Gasquoine,Thailand,Female
136,Milka Adacot,Indonesia,Female
137,Malena Couroy,Russia,Female
138,Jamal Aseef,Nigeria,Male
139,Tiffy Sleet,Indonesia,Female
140,Conroy Toland,Armenia,Male
141,Bella Enefer,Sweden,Female
142,Claudie Varley,El Salvador,Female
143,Fidel Whightman,Brazil,Male
144,Max Voyce,China,Female
145,Onofredo Lodwig,Japan,Male
146,Isiahi Brewster,Philippines,Male
147,Michele Bywater,Brazil,Male
148,Rudiger Beazleigh,United States,Male
149,Salomi Kyston,Greece,Female
150,Audre Afield,Argentina,Female
151,Berti Estable,Indonesia,Female
152,Melanie Kneller,China,Female
153,Denice Merrell,Indonesia,Female
154,Teddy Munnery,United States,Female
155,Abby Cano,China,Female
156,Dione Arkill,Ireland,Female
157,Anne Notton,Philippines,Female
158,Hillyer Hawse,Argentina,Male
159,Eal Alexandersson,Sweden,Male
160,Roderich Harwick,China,Male
161,Carmina Melchior,Bulgaria,Female
162,Viola Baff,China,Female
163,Kristoforo De Goey,Indonesia,Male
164,Jasmine Atkirk,Guatemala,Female
165,Matilda Tenny,Armenia,Female
166,Konstantin Eastby,Ukraine,Male
167,Stephen Simchenko,China,Male
168,Lilia Vanstone,Poland,Female
169,Myrtle Vennart,Philippines,Female
170,Isahella Ferrini,United States,Female
171,Sherill Wharlton,Portugal,Female
172,Bert Lamborne,China,Male
173,Rance Burchfield,Russia,Male
174,Maxy Wickie,Argentina,Male
175,Natka Conan,Mexico,Female
176,Patsy Flipek,Guinea,Female
177,Cairistiona Macieiczyk,Sweden,Female
178,Weider Farres,China,Male
179,Gui Stapleton,Democratic Republic of the Congo,Female
180,Dolly Strang,Indonesia,Female
181,Baudoin Benoiton,Colombia,Male
182,Hamilton Barrick,Ecuador,Male
183,Colas Fiorentino,Thailand,Male
184,Phylys Gleadhall,Colombia,Female
185,Derwin De Castri,China,Male
186,Ronni Scoone,Norway,Female
187,Aluin Assur,China,Male
188,Mano Scanlan,Indonesia,Male
189,Read O'Heagertie,Indonesia,Male
190,Jorge Pedrocco,Portugal,Male
191,Paula Noseworthy,Peru,Female
192,Shea Godbolt,Malta,Female
193,Christabel Crutchfield,China,Female
194,Paige Ledes,Czech Republic,Male
195,Corny Orrobin,Pakistan,Male
196,Thorsten Campany,United States,Male
197,Myriam Casley,Portugal,Female
198,Roscoe McCathy,Philippines,Male
199,Henry Cesconi,China,Male
200,Judon Fehely,Aruba,Male
201,Jere Kelf,Somalia,Female
202,Romy Pawlaczyk,Dominican Republic,Female
203,Jerald Feitosa,Sweden,Male
204,Jens Mc Andrew,Russia,Male
205,Patsy Fidilis,China,Male
206,Prudy Flanaghan,Guatemala,Female
207,Cindra Grinov,Indonesia,Female
208,Waverly Gellan,Indonesia,Male
209,Dore Manhood,Russia,Male
210,Kermy Brodhead,Afghanistan,Male
211,Cchaddie Castagna,China,Male
212,Ivar Massow,Brazil,Male
213,Brandais Gooch,Poland,Female
214,Raimund Pavel,Brazil,Male
215,Ashton Longford,Colombia,Male
216,Shermy Batchley,Ireland,Male
217,Kaiser Baumert,Russia,Male
218,Briny Plant,Philippines,Female
219,Chloe Gowdie,Russia,Female
220,Birk Gyngell,China,Male
221,Persis Paver,Pakistan,Female
222,Agneta Pardoe,Colombia,Female
223,Kirbie Fritschmann,Indonesia,Female
224,Brittany Darthe,Indonesia,Female
225,Scotti Schechter,Poland,Male
226,Jaquith Tossell,Philippines,Female
227,Berget Richings,Ukraine,Female
228,Griffy Clowley,Philippines,Male
229,Arvy Swayton,Mexico,Male
230,Brier Fessler,Nigeria,Female
231,Kitty Brunker,Indonesia,Female
232,Geoff Doherty,Malaysia,Male
233,Gertruda Privost,Cameroon,Female
234,Reuven Danzelman,Serbia,Male
235,Davina Kynett,Russia,Female
236,Ferdy Bridie,Indonesia,Male
237,Fina Lovstrom,Czech Republic,Female
238,Brendan Donavan,Iran,Male
239,Jabez Burchard,Uganda,Male
240,Karry Beart,China,Female
241,Tyrus Worswick,United States,Male
242,Ingra Cullabine,China,Male
243,Claude Barkley,China,Female
244,Marlane Shave,Indonesia,Female
245,Judd Hemerijk,Dominican Republic,Male
246,Mirelle Brolan,China,Female
247,Carlota Gatchell,Portugal,Female
248,Cherlyn Nolot,China,Female
249,Aeriela Rennix,Ethiopia,Female
250,Eduino De Cristoforo,Kosovo,Male
251,Bree O'Kerin,Nicaragua,Female
252,Jerrome Delgardillo,Czech Republic,Male
253,Joscelin Brinkworth,Mexico,Female
254,Olympe Tathacott,Indonesia,Female
255,Axe Clute,Portugal,Male
256,Codi Paulazzi,Portugal,Male
257,Mattias Laverenz,Indonesia,Male
258,Hortensia Bazire,Philippines,Female
259,Kelila Sartain,Papua New Guinea,Female
260,Eldridge Santori,Iraq,Male
261,Jobi Woolward,United States,Female
262,Noelani Pinsent,Ukraine,Female
263,Dorian Siddell,Democratic Republic of the Congo,Female
264,Lane Georgeou,Philippines,Male
265,Wilmar Seville,Russia,Male
266,Mile Le Brom,China,Male
267,Gui Jerratsch,Russia,Female
268,Cale Mapson,Canada,Male
269,Kissee Stearne,Philippines,Female
270,Winnie Dollman,Moldova,Male
271,Jerry Lewis,Portugal,Male
272,Sandor Greenhowe,Guatemala,Male
273,Rosalind Tortoise,United States,Female
274,Marley Meaking,Canada,Female
275,Maude Pulver,Russia,Female
276,Deonne Venturoli,Portugal,Female
277,Meg Walder,Indonesia,Female
278,Jeffry Aspenlon,Venezuela,Male
279,Mackenzie Cockett,France,Male
280,Melisent Maharg,Portugal,Female
281,Goldie Wandrach,China,Female
282,Philis Duffer,Mongolia,Female
283,Kinnie Shemelt,China,Male
284,Burke Styant,Russia,Male
285,Marja Hurran,Russia,Female
286,Leonerd Colnet,Indonesia,Male
287,Ursuline Negal,Poland,Female
288,Alfy Glaysher,Sweden,Female
289,Vere Lindeboom,China,Female
290,Haily Lyenyng,Portugal,Female
291,Rafferty Dallin,United States,Male
292,Nikolaos Messiter,Vietnam,Male
293,Sanson Vertey,Sweden,Male
294,Valaree Meredith,China,Female
295,Fran Soloway,Indonesia,Male
296,Gamaliel Bannard,Brazil,Male
297,Wendi Farrier,Albania,Female
298,Corina Bredes,China,Female
299,Harlene Daveren,Thailand,Female
300,Cally Dowd,Indonesia,Female
301,Allister Redford,Brazil,Male
302,Julio Aspden,Vietnam,Male
303,Andris Brunskill,China,Male
304,Byrle Rosengarten,Russia,Male
305,Kore Anglish,Indonesia,Female
306,Alfreda Leyden,Greece,Female
307,Claudetta Middiff,Indonesia,Female
308,Thurston Deval,United States,Male
309,Nyssa Pattingson,Russia,Female
310,Anderea Scutchin,Brazil,Female
311,Waring Tamburo,Indonesia,Male
312,Karoly Fair,China,Female
313,Arv Hussey,Pakistan,Male
314,Melitta Rehm,Greece,Female
315,Konstantine Aimeric,Japan,Male
316,Emelita Mille,Philippines,Female
317,Holly-anne Livings,Norway,Female
318,Leontine Le Brun,Afghanistan,Female
319,Wiatt Gilyott,China,Male
320,Ferrell Ingarfill,Cyprus,Male
321,Bell Garn,Yemen,Female
322,Mitchael Lissaman,El Salvador,Male
323,Lotta Spurdens,Thailand,Female
324,Charlton Botton,Sudan,Male
325,Dave Leonida,Colombia,Male
326,Aveline Glazyer,Czech Republic,Female
327,Elisabetta Allport,Indonesia,Female
328,Dominique Walden,Brazil,Female
329,Gussie Neave,Colombia,Female
330,Pincas Hintze,Brazil,Male
331,Augusto Cowp,Denmark,Male
332,Garv Pittson,Portugal,Male
333,Laura Lorroway,New Caledonia,Female
334,Cecily Drowsfield,Kazakhstan,Female
335,Syd Woodlands,Portugal,Male
336,Chelsie Yushkin,Indonesia,Female
337,Simonette Sproul,China,Female
338,Blanche Dougharty,Peru,Female
339,Pincas Onion,Philippines,Male
340,Alyss Ney,China,Female
341,Lissie Harvison,Indonesia,Female
342,Stephenie Heiner,Nigeria,Female
343,Boony Dixie,Brazil,Male
344,Obie Bodker,Greece,Male
345,Beatrix Elven,Philippines,Female
346,Thaddeus Summerlee,China,Male
347,Lorine Montgomery,Poland,Female
348,Culver Matoshin,Honduras,Male
349,Caroline Duffell,Sweden,Female
350,Devin Baudi,China,Female
351,Xever Hildrew,China,Male
352,Chloris Dacks,Philippines,Female
353,Hyacinthie Extil,Albania,Female
354,Camile Clowsley,Philippines,Female
355,Chandra Plesing,Indonesia,Female
356,Tull Oldfield,Mongolia,Male
357,Khalil Gerren,China,Male
358,Giustino Iddiens,Zambia,Male
359,Wolf Waleworke,Costa Rica,Male
360,Nevsa Goodluck,South Africa,Female
361,Jessee Axelbee,Uzbekistan,Male
362,Consuelo Downey,China,Female
363,Christel Skells,Haiti,Female
364,Caleb Heinke,South Africa,Male
365,Shoshanna Exroll,British Virgin Islands,Female
366,Pearl Roseblade,Russia,Female
367,Nicholas Wesker,China,Male
368,Nevile Francescuzzi,Indonesia,Male
369,Reyna O'Feeny,Thailand,Female
370,Dean Fanning,Vietnam,Male
371,Toddie Messam,Brazil,Male
372,Maryann Brognot,Egypt,Female
373,Madeleine Relfe,Dominican Republic,Female
374,Whittaker Lever,China,Male
375,Ogdon Kitter,Palestinian Territory,Male
376,Giusto Brogden,Kosovo,Male
377,Buddy Goshawke,China,Male
378,Freida Shawl,China,Female
379,Donetta Leechman,Poland,Female
380,Marion Nerval,Czech Republic,Female
381,Lyda McInnes,Philippines,Female
382,Darrel Quinsee,Russia,Male
383,Shaine Klass,China,Male
384,Toma Filipponi,Philippines,Female
385,Aubert Van Brug,France,Male
386,Shane Colquitt,New Zealand,Female
387,Adolph Milam,Morocco,Male
388,Sandro Murtagh,Indonesia,Male
389,Leena Pinke,China,Female
390,Hildagarde Goldsby,Thailand,Female
391,Roanne Andreou,Indonesia,Female
392,Eberhard Jeary,Sweden,Male
393,Hyatt Pallis,Poland,Male
394,Giacobo Elderkin,China,Male
395,Baryram Gulston,Poland,Male
396,Pall Melding,Indonesia,Male
397,Leslie Huffey,Malaysia,Female
398,Amerigo Dunphie,Peru,Male
399,Briney Coy,Sweden,Female
400,Hanni Carson,United States,Female
401,Alejandro Sambell,Malawi,Male
402,Pattie McAulay,Thailand,Female
403,Haven Bee,Canada,Male
404,Annabela Akister,Indonesia,Female
405,Lucius Wapol,Indonesia,Male
406,Hadria Naismith,Pakistan,Female
407,Celestyn Dyte,Kyrgyzstan,Female
408,Stevie MacColm,Japan,Male
409,Pam Molines,North Korea,Female
410,Grissel Chater,Argentina,Female
411,Cchaddie Sivier,Cuba,Male
412,Ginny Raigatt,China,Female
413,Stormi Strelitz,China,Female
414,Laverna Noteyoung,Peru,Female
415,Marlena Simonini,United States,Female
416,Dulcinea Townshend,Russia,Female
417,Merrile Dymott,Norway,Female
418,Darlene Brennenstuhl,Japan,Female
419,Spenser Learoyde,Sweden,Male
420,Eveleen Magister,United States,Female
421,Kiel Robertelli,Ukraine,Male
422,Alys Splevins,China,Female
423,Tammy Medgwick,Indonesia,Female
424,Naoma Hand,Nigeria,Female
425,Deeann Ziemens,Albania,Female
426,Harold Brokenshaw,Indonesia,Male
427,Valry Belch,China,Female
428,Stinky Self,Myanmar,Male
429,Catarina Bravery,Philippines,Female
430,Beauregard Scales,China,Male
431,Riobard Stuckford,Pakistan,Male
432,Sunshine Boulden,China,Female
433,Nero Dilks,Philippines,Male
434,Izaak Boas,United States,Male
435,Cordell Hedditeh,China,Male
436,Matilda Coopey,China,Female
437,Elberta Kike,Poland,Female
438,Ethyl Dibsdale,Spain,Female
439,Elwood Kirsz,Indonesia,Male
440,Grethel Joanaud,Ecuador,Female
441,Addison Mohan,Portugal,Male
442,Iorgos O'Crotty,China,Male
443,Creigh Wright,Portugal,Male
444,Rae Kornousek,Cameroon,Female
445,Lynn Sussex,China,Male
446,Salomone Pleace,China,Male
447,Job Kruse,Philippines,Male
448,Sharona Dabbs,Somalia,Female
449,Roma Dettmar,Thailand,Male
450,Marylynne Clawson,Indonesia,Female
451,Eugenie Cholonin,Ukraine,Female
452,Berny Carp,United States,Male
453,Merle Matus,Ukraine,Male
454,Valentijn Aplin,China,Male
455,Clarice Lahive,Russia,Female
456,Moira Dendon,Poland,Female
457,Ado Torald,Mexico,Male
458,Nev Tomney,Peru,Male
459,Robin Jerram,China,Female
460,Hildegarde Gaddas,Tunisia,Female
461,Brigg Edinborough,Turkey,Male
462,Alexis Attenborough,Indonesia,Male
463,Camella Adamkiewicz,Peru,Female
464,Gillan Gravie,Kazakhstan,Female
465,Alden Keaysell,China,Male
466,Laurel Dick,Russia,Female
467,Andreas Beachamp,Honduras,Male
468,Wrennie Braywood,Brazil,Female
469,Astrix Dimitrijevic,Bangladesh,Female
470,Blinnie Eburne,Sweden,Female
471,Janene Simonsson,China,Female
472,Aldrich Mesnard,South Africa,Male
473,Celina Anlay,Poland,Female
474,Olwen Este,Indonesia,Female
475,Tallie Haggerty,Brazil,Female
476,Titus Strangeway,Vietnam,Male
477,Charil McCathie,Russia,Female
478,Wilek Ellcome,Portugal,Male
479,Matthieu Loughren,South Korea,Male
480,Anatol Grangier,Armenia,Male
481,Hamlen Tal,Thailand,Male
482,Mickie Deguara,Germany,Female
483,Mirelle Rosini,Philippines,Female
484,Rosella Mewrcik,Bolivia,Female
485,Tabby Kike,China,Male
486,Shelden Lympenie,Russia,Male
487,Zared Burridge,Dominican Republic,Male
488,Selene Malimoe,Peru,Female
489,Marya Hurran,Philippines,Female
490,Bogart Kaines,China,Male
491,Henrik Gueny,Madagascar,Male
492,Else Embery,Indonesia,Female
493,Harris Gellately,Honduras,Male
494,Laura Elkington,Canada,Female
495,Trent Elliff,Russia,Male
496,Emmey Duckers,South Korea,Female
497,Harlen Armit,Ireland,Male
498,Fredi Breming,China,Female
499,Kai Ruffy,China,Female
500,Isidro Tranmer,Indonesia,Male
501,Christie Banstead,Philippines,Male
502,Norman Sandbach,Canada,Male
503,Floris Sondland,Botswana,Female
504,Darn Kettles,China,Male
505,Jeniece Arlt,Indonesia,Female
506,Brunhilda Becken,France,Female
507,Anatol Cadle,Indonesia,Male
508,Gerrie Ballintyne,Morocco,Female
509,Creigh Berni,Russia,Male
510,Katuscha O'Neal,Finland,Female
511,Shanie Gostling,China,Female
512,Susi Hows,Indonesia,Female
513,Guilbert Brotheridge,Panama,Male
514,Jodi McCuthais,Kosovo,Female
515,Rora Driver,Democratic Republic of the Congo,Female
516,Ernest Chessman,Poland,Male
517,Caroline Dent,China,Female
518,Crissie Greson,Indonesia,Female
519,Forbes Cowdrey,Nepal,Male
520,Gradey Stollsteiner,Philippines,Male
521,Bren Steffens,China,Female
522,Olivero Bevington,El Salvador,Male
523,Lancelot Ottosen,Sweden,Male
524,Andres Lates,France,Male
525,Erminie Bene,China,Female
526,Mellicent Asple,China,Female
527,Silvan Jobes,China,Male
528,Averill Comber,Indonesia,Male
529,Shaylah Caunce,Argentina,Female
530,Tiffany Cansdall,Peru,Female
531,Dorie Brome,China,Female
532,Netti Hyndley,Colombia,Female
533,Cinderella Leynham,Albania,Female
534,Amitie Mapston,Netherlands,Female
535,Wittie Braker,China,Male
536,Leoine Yakunin,Brazil,Female
537,Papagena Sucre,Paraguay,Female
538,Riki Juliano,China,Female
539,Aimil Leaburn,China,Female
540,Gretta Spadari,Indonesia,Female
541,Van Phippin,Portugal,Male
542,Lottie Bister,Brazil,Female
543,Paten Aleksankin,Indonesia,Male
544,Marlyn Drewell,China,Female
545,Tawnya Rouchy,China,Female
546,Bryn Ashwell,Iran,Female
547,Shana Gammon,Indonesia,Female
548,Bern Boord,Argentina,Male
549,Alfred Grzelak,Brazil,Male
550,Parrnell McCurdy,Russia,Male
551,Sebastian Dacks,Norway,Male
552,Meggie Putland,China,Female
553,Alf Hinks,Brazil,Male
554,Lanita Conford,Nepal,Female
555,Englebert Tregido,Palestinian Territory,Male
556,Petey Letterese,Russia,Male
557,Tremayne Uc,Portugal,Male
558,Ivett Emanueli,United States,Female
559,Holden Huckle,Argentina,Male
560,Gilbertine Marfield,Portugal,Female
561,Daren Courson,Russia,Male
562,Putnam Doyland,Mexico,Male
563,Cad Mc Comb,Indonesia,Male
564,Sanders Whitters,Philippines,Male
565,Kathryne Filipiak,China,Female
566,Lorne Peatman,France,Female
567,Yule Gradon,China,Male
568,Carola Havock,Russia,Female
569,Chas Cater,China,Male
570,Felic Baudins,Russia,Male
571,Neale Gough,Czech Republic,Male
572,Flossi Fishley,China,Female
573,Lucas Dance,Philippines,Male
574,Joseito Schimank,China,Male
575,Augy Swains,Egypt,Male
576,Wolfgang Addekin,South Africa,Male
577,Leigha Upex,Bolivia,Female
578,Raquela Bohlens,Honduras,Female
579,Casie Moulson,Egypt,Female
580,Felipa Jennery,France,Female
581,Minne Georgeau,Brazil,Female
582,Joannes Hanselmann,Thailand,Female
583,Mercy Wyndham,China,Female
584,Palm Olrenshaw,Philippines,Male
585,Hugh Sidsaff,Indonesia,Male
586,Isaak Basey,Palestinian Territory,Male
587,Obie Huffey,China,Male
588,Tabbie Agett,Brazil,Male
589,Sherwin Brind,Syria,Male
590,Hermy Arpur,Yemen,Male
591,Ebony Norrington,Albania,Female
592,Carry Rofe,Indonesia,Female
593,Dorian Line,China,Male
594,Stanley Fiorentino,Indonesia,Male
595,Kain Cossentine,Costa Rica,Male
596,Dennie Orange,Philippines,Female
597,Stuart Matejic,Poland,Male
598,Mannie Hourican,China,Male
599,Erinna McMurthy,Russia,Female
600,Tod Cofax,Portugal,Male
601,Colver Dadge,China,Male
602,Boigie Fillis,Kuwait,Male
603,Aldin O'Currine,China,Male
604,Cale Simm,Poland,Male
605,Hank Leaning,Czech Republic,Male
606,Hilly Webley,Ireland,Male
607,Bartel Pusill,Serbia,Male
608,Jule Anespie,Italy,Male
609,Fredra Bramsen,China,Female
610,Natala Tingly,China,Female
611,Myrwyn Shmyr,Colombia,Male
612,Cissiee Waterhouse,Japan,Female
613,Natassia Couser,Nicaragua,Female
614,Shae Clelle,Indonesia,Female
615,Avrom Brookson,China,Male
616,Ericha Hordle,Indonesia,Female
617,Florida Loder,Japan,Female
618,Pete Brevitt,Vietnam,Male
619,Valeda Hemshall,Japan,Female
620,Adeline Mainson,Poland,Female
621,Orelle Antognozzii,Ukraine,Female
622,Lindy Rossiter,Peru,Male
623,Rawley Seagrove,Russia,Male
624,Alvinia Braisted,China,Female
625,Vida Belbin,Brazil,Female
626,Delila Timblett,United States,Female
627,Horatio Dermot,Macedonia,Male
628,Dallis Kroch,Finland,Male
629,Hadria Adrianello,Germany,Female
630,Sydney Passey,Lebanon,Male
631,Shannon Crim,Ukraine,Male
632,Adair Turfin,Indonesia,Male
633,Jarred Lippini,China,Male
634,Lammond Cromie,China,Male
635,Lesley Guiden,China,Female
636,Alisun McLenaghan,Poland,Female
637,Carma Lewsy,France,Female
638,Vonny Rispine,Syria,Female
639,Tomlin Malec,Russia,Male
640,Reese Fogg,Philippines,Male
641,Jammal Echalie,El Salvador,Male
642,Nikaniki Gorbell,Portugal,Female
643,Terri-jo Scarfe,China,Female
644,Grady Meeny,Norway,Male
645,Perren Sodor,China,Male
646,Codi Fynan,Ukraine,Male
647,Guntar Earey,Nigeria,Male
648,Olva Learie,Philippines,Female
649,Ronny Goodbur,Brazil,Male
650,Courtney Brownsey,China,Male
651,Arnie Tancock,Mexico,Male
652,Doe Sibbit,Sweden,Female
653,Menard Druitt,Philippines,Male
654,Howie Thomann,Poland,Male
655,Jeffry Biffen,China,Male
656,Nicol Nitti,Russia,Female
657,Bran Trevillion,Japan,Male
658,Sampson Dundendale,Egypt,Male
659,Dotty Boick,Indonesia,Female
660,Loren Redington,China,Female
661,Carlie Richfield,Indonesia,Female
662,Carce Kemston,China,Male
663,Bette Acory,Ecuador,Female
664,Lionello Blanpein,Poland,Male
665,Findlay Etock,China,Male
666,Delaney Higgoe,Canada,Male
667,Ewart Kirby,Serbia,Male
668,Graham Marmon,New Zealand,Male
669,Vevay Pomphrett,Indonesia,Female
670,Marji Parkey,Ethiopia,Female
671,Suzi Sealand,Thailand,Female
672,Marlie Dubose,Poland,Female
673,Jeromy McKinless,Poland,Male
674,Michel Dunstan,Philippines,Female
675,Averill Aggett,Colombia,Male
676,Morris Kienzle,Argentina,Male
677,Haily Dowda,China,Male
678,Simone Chaman,China,Male
679,Sanson Hugland,Albania,Male
680,Ellsworth Symmers,Indonesia,Male
681,Woodie Rawlyns,Colombia,Male
682,Jessika Grestie,Ukraine,Female
683,Bettina Victor,Russia,Female
684,Kienan Lancley,Spain,Male
685,Hardy Benthall,Portugal,Male
686,Barney Evered,Russia,Male
687,Dusty Wabe,China,Female
688,Reagen Igonet,China,Male
689,Adair Cowdrey,United States,Male
690,Aguste Exley,China,Male
691,Bernarr Stinton,Portugal,Male
692,Enrichetta Mapledorum,Canada,Female
693,Cinnamon Briztman,France,Female
694,Phylis Mattiussi,Brazil,Female
695,Naomi Felten,Portugal,Female
696,Eldon Perrygo,Brazil,Male
697,Krishnah Todari,China,Male
698,Kelcy Jaskiewicz,Palestinian Territory,Female
699,Sherilyn Yglesias,Bangladesh,Female
700,Frankie Noot,New Zealand,Male
701,Ashley Thing,Indonesia,Female
702,Meriel Spearing,Canada,Female
703,Arnoldo Bygreaves,France,Male
704,Martina Freemantle,Russia,Female
705,Catherin Grinikhinov,Poland,Female
706,Stephan Izakoff,Thailand,Male
707,Ailina Kment,Ireland,Female
708,Rea Corde,Philippines,Female
709,Giuseppe Dearl,Indonesia,Male
710,Gusella Ciobotaru,Portugal,Female
711,Gayleen Jullian,Argentina,Female
712,Elianora Collaton,Russia,Female
713,Jules Willmetts,Mauritius,Male
714,Byrann Hutley,South Korea,Male
715,Hana Worner,Sweden,Female
716,Virgie Wethers,Indonesia,Female
717,Marleen Valentin,Norway,Female
718,Milissent Rumens,Russia,Female
719,Benn Heather,Russia,Male
720,Petronilla O'Leahy,Ukraine,Female
721,Nelie Crinson,China,Female
722,Hetti Thompson,Russia,Female
723,Amanda Furmagier,China,Female
724,Gareth Waudby,China,Male
725,Jase Novotni,Indonesia,Male
726,Carolynn Budcock,Indonesia,Female
727,Robyn Archbell,Sweden,Female
728,Wiatt Rohfsen,Croatia,Male
729,Igor Dibdale,Germany,Male
730,Robby Chalder,France,Male
731,Cletis Stansbie,Japan,Male
732,Alair Loftie,France,Male
733,Cordey Biesterfeld,China,Female
734,Annmaria Raitt,Comoros,Female
735,Micheline Chippindall,South Africa,Female
736,Johnna Duxbury,China,Female
737,Scotti Warry,Czech Republic,Male
738,Lenka Hatherley,Mongolia,Female
739,Basile O'Cahill,Yemen,Male
740,Augustine Escolme,China,Female
741,Lorens Jemmison,Kazakhstan,Male
742,Layton Darlington,Madagascar,Male
743,Doris Denizet,France,Female
744,Ophelie Oakwell,Argentina,Female
745,Meghann Dutteridge,Peru,Female
746,Allison Kippin,Poland,Female
747,Poul Spittal,Bolivia,Male
748,Brandi Hoonahan,San Marino,Female
749,Duffie Fruchon,Russia,Male
750,Brnaby Kesper,Sweden,Male
751,Galina Braycotton,Sweden,Female
752,Barbaraanne Ruckledge,Brazil,Female
753,Iorgos Wilce,Indonesia,Male
754,Shae Schulken,Israel,Female
755,Alverta Hacking,Philippines,Female
756,Pauletta Shout,China,Female
757,Malissia Rawet,Germany,Female
758,Brockie Currall,China,Male
759,Claudetta Fosten,Russia,Female
760,Leyla Lewendon,South Africa,Female
761,Sharona Seeney,United States,Female
762,Fredi Emmatt,Argentina,Female
763,Shena Duesbury,China,Female
764,Heidie Goodinge,China,Female
765,Katharyn Kolinsky,Serbia,Female
766,Timofei Udie,Japan,Male
767,Bay Klesl,Sweden,Male
768,Eddi Cowley,China,Female
769,Suzi Annies,Spain,Female
770,Roberto Wison,Indonesia,Male
771,Pancho Rushbrooke,China,Male
772,Jenica Blazi,Saudi Arabia,Female
773,Catlin Guinness,Guyana,Female
774,Derron Ridgedell,Cameroon,Male
775,Neel Soles,Armenia,Male
776,Anatola Glowacki,China,Female
777,Susy Chittey,Indonesia,Female
778,Keenan Iwanczyk,United Kingdom,Male
779,Halimeda Bazelle,Indonesia,Female
780,Latashia Brogini,Indonesia,Female
781,Rhys O'Mullaney,Canada,Male
782,Katrine Knappe,Belarus,Female
783,Scott Sibary,Indonesia,Male
784,Edward Frarey,Sweden,Male
785,Olenolin Gulley,Russia,Male
786,Melosa Yanov,Brazil,Female
787,Siusan Tantrum,Colombia,Female
788,Christiana Juan,Netherlands,Female
789,Pauly Errichelli,Ukraine,Female
790,Sawyer Lapish,Brazil,Male
791,Alon Smithies,United States,Male
792,Frederica McFadin,Mexico,Female
793,Arleyne Pyvis,Philippines,Female
794,Samson Skirven,United States,Male
795,Olenolin Ramet,South Africa,Male
796,Geoff Donaway,Indonesia,Male
797,Eolanda Lebang,Russia,Female
798,Atlanta Southern,Greenland,Female
799,Griffie Hamor,Philippines,Male
800,Carline Colleymore,Mexico,Female
801,Orbadiah Colmer,Serbia,Male
802,Adolphe Ekins,Indonesia,Male
803,Elston Huyche,France,Male
804,Ninette Shrimpton,Indonesia,Female
805,Lorelle Wonfor,Kazakhstan,Female
806,Gerick Hasel,Israel,Male
807,Beverlie Brashier,Indonesia,Female
808,Haleigh Leatt,Norway,Male
809,Roxi Clavey,Russia,Female
810,Fawn Probin,Colombia,Female
811,Zechariah Hatt,Poland,Male
812,Zaccaria Dieton,Bulgaria,Male
813,Godwin McArthur,Poland,Male
814,Deina Oxbrow,Chile,Female
815,Franciskus Salmen,Iran,Male
816,Ilise Gosenell,New Zealand,Female
817,Durant Danilovich,Peru,Male
818,Carlita O' Hern,Guatemala,Female
819,Esteban Jeynes,Palestinian Territory,Male
820,Greg Edwinson,Portugal,Male
821,Toby Skepper,Greece,Male
822,Zeke Iacovacci,Poland,Male
823,Sheppard Dawes,Indonesia,Male
824,Cheston Hamberston,Indonesia,Male
825,Johnette Grigoli,Indonesia,Female
826,Godard Quene,Canada,Male
827,Randall Brereton,China,Male
828,Marietta O'Hara,China,Male
829,Marja Oag,Honduras,Female
830,Yankee Witter,Ukraine,Male
831,Dacy Guillond,Philippines,Female
832,Tybi Lynnett,Portugal,Female
833,Esme Rosendale,Canada,Male
834,Delcine Mennell,Indonesia,Female
835,Cross Domaschke,North Korea,Male
836,Hazel Teanby,Greece,Male
837,Nappie Mor,China,Male
838,Leupold Ledbetter,Mexico,Male
839,Dillon Hankard,Philippines,Male
840,Gnni Barten,Indonesia,Female
841,Bucky Rattray,Yemen,Male
842,Jason McCromley,Poland,Male
843,Laurella MacTrustam,Netherlands,Female
844,Merci Roycroft,Sweden,Female
845,Teri Menichelli,Mongolia,Female
846,Derron Wombwell,Russia,Male
847,Frans Dale,Macedonia,Male
848,Cloris Scuffham,Estonia,Female
849,Norine Gerlts,Canada,Female
850,Maryellen Hubbis,East Timor,Female
851,Jerome Stormont,France,Male
852,Alford Colcutt,North Korea,Male
853,Laura Ghidotti,South Korea,Female
854,Gal Hawarden,Russia,Male
855,Pru Behn,Vietnam,Female
856,Tory Busk,China,Female
857,Robinet Oakly,El Salvador,Male
858,Carolyn Robbeke,Mexico,Female
859,Spike Muscroft,Nigeria,Male
860,Joya Jeanequin,Indonesia,Female
861,Lissy Al Hirsi,France,Female
862,Hermie Gatley,China,Male
863,Pier Aldgate,Ukraine,Female
864,Guenevere Raggatt,Indonesia,Female
865,Tamas Beedham,Philippines,Male
866,Ginelle Leaming,Russia,Female
867,Stanford Beardsall,Portugal,Male
868,Lynelle Zorzin,United States,Female
869,Baldwin Paunsford,Croatia,Male
870,Iver Brear,Indonesia,Male
871,Dianemarie Sedwick,Zambia,Female
872,Janeen Maundrell,Indonesia,Female
873,Olwen Graysmark,Thailand,Female
874,Isobel Hearnah,Portugal,Female
875,Andrew Albrighton,Serbia,Male
876,Steve Jory,Peru,Male
877,Melina Bevar,Japan,Female
878,Obed Nudde,Indonesia,Male
879,Stephan Findlay,United States,Male
880,Gracie Carreyette,South Korea,Female
881,Audry Dufaire,Tunisia,Female
882,Olympe Nowick,China,Female
883,Calida True,Indonesia,Female
884,Clemence Flint,Czech Republic,Female
885,Cort Laviss,Philippines,Male
886,Desdemona Ewings,Afghanistan,Female
887,Suzy Ojeda,Russia,Female
888,Norbie Lexa,Mongolia,Male
889,Min Buddington,Yemen,Female
890,Abbott Riggoll,South Africa,Male
891,Xena Lingley,United States,Female
892,Alvis Yexley,Indonesia,Male
893,Bradford Garaway,China,Male
894,Bibby Wadworth,Bosnia and Herzegovina,Female
895,Meggi Grafham,Indonesia,Female
896,Gaby Larver,Armenia,Male
897,Leeann Train,Sweden,Female
898,Jarad Methringham,Afghanistan,Male
899,Shayna Geekin,Greece,Female
900,Dietrich Bredbury,Belarus,Male
901,Gleda Saggs,China,Female
902,Ame Wrennall,Ukraine,Female
903,Wesley Hawkey,Poland,Male
904,Mable Chieco,Sweden,Female
905,Haydon Whenham,Portugal,Male
906,Wallace McElwee,Guatemala,Male
907,Annice Skittrall,Sierra Leone,Female
908,Patty Monkhouse,Poland,Male
909,Roseanne Skip,Tunisia,Female
910,Ashli Tither,China,Female
911,Davita Currall,Indonesia,Female
912,Modestine Gatrill,China,Female
913,Cesar Pesak,Philippines,Male
914,Dewain Bischof,France,Male
915,Ole Seward,Portugal,Male
916,Rickey Ghidoli,China,Male
917,Olympe Beard,Syria,Female
918,Berenice Giffon,China,Female
919,Aldo Kilty,Poland,Male
920,Elwin Howgate,Ukraine,Male
921,Ollie Cuddehy,China,Female
922,Brant Spittle,Portugal,Male
923,Fidelity Whittles,Iran,Female
924,Kaleb Banasevich,South Africa,Male
925,Tildie Gotcher,Indonesia,Female
926,Kylen Nixon,Syria,Female
927,Kenny Goggins,China,Male
928,Camey Burmingham,Japan,Male
929,Phyllis Scandroot,Brazil,Female
930,Barbe Tucsell,Norway,Female
931,Flint Lindeboom,Greece,Male
932,David Guillford,Russia,Male
933,Rachelle Iacovino,Japan,Female
934,Chet Stuke,China,Male
935,Abramo Mallam,Czech Republic,Male
936,Hamnet Rudland,China,Male
937,Ramsay Courtin,Poland,Male
938,Ibrahim Hune,Uzbekistan,Male
939,Kennan Thring,Indonesia,Male
940,Nickie Vallens,Indonesia,Male
941,Verney Esselen,Moldova,Male
942,Reynard Suggett,China,Male
943,Alfred Lorimer,China,Male
944,Talbot Faughnan,Bangladesh,Male
945,Gilbertina Menlove,China,Female
946,Mozes Gammett,Japan,Male
947,Tomaso McAlinden,China,Male
948,Creight Folli,Iran,Male
949,Lanny Norridge,Jamaica,Female
950,Nesta Ferrone,Russia,Female
951,Edita O' Culligan,Indonesia,Female
952,Fulvia Bogue,Brazil,Female
953,Maurine Adrain,Russia,Female
954,Gualterio Trevers,Macedonia,Male
955,Lucilia Rowden,France,Female
956,Zara Trask,Indonesia,Female
957,Roldan Gibbard,Jamaica,Male
958,Rhodia Schultze,Portugal,Female
959,Doloritas Dornan,Costa Rica,Female
960,Thurston Burry,China,Male
961,Wyatan Fortin,Mongolia,Male
962,Genevieve Diviny,Indonesia,Female
963,Ashley Gonning,Jamaica,Male
964,Nowell Riseborough,Russia,Male
965,Lorin Bootell,Germany,Male
966,Josh Grayland,France,Male
967,Tania Mingaud,Indonesia,Female
968,Horton Jeduch,Guatemala,Male
969,Jamey Jaggers,Vietnam,Male
970,Lyndsie Schooling,Greece,Female
971,Ragnar Echallier,France,Male
972,Leona Gossage,China,Female
973,Josefina Skelly,Indonesia,Female
974,Adolf Robinson,China,Male
975,Burt Hebblewaite,Philippines,Male
976,Hieronymus Luxen,China,Male
977,Garrett Carlill,Yemen,Male
978,Linell Spawton,Bulgaria,Female
979,Wilbert Kuller,China,Male
980,Evelyn Pick,Morocco,Male
981,Belle Writer,Greece,Female
982,Emma Korbmaker,Japan,Female
983,Dyanne Clawley,China,Female
984,Janela Prazer,Russia,Female
985,Saudra Petrazzi,Saudi Arabia,Female
986,Chic Petruska,Indonesia,Male
987,Dominique Thirkettle,United States,Male
988,Normand Suggitt,Colombia,Male
989,Keelby Glede,Portugal,Male
990,Paco Croser,Uzbekistan,Male
991,Elisabet Larvin,Albania,Female
992,Demetra Tamsett,Canada,Female
993,Garwin Huddart,China,Male
994,Clio Crossfeld,Greece,Female
995,Costa Slack,Thailand,Male
996,Monroe McKenna,United States,Male
997,Ode Gallant,United States,Male
998,Wren Dedenham,French Polynesia,Female
999,Ermanno Hellwich,Kazakhstan,Male
1000,Gawain Faye,United States,Male
